<record>
          <field name="doccreated" type="DateTime">2013-01-29T18:58:33.73Z</field>
          <field name="docmodified" type="DateTime">2013-01-29T19:09:29.8Z</field>
          <field name="ModifiedBy" array="true" type="String" length="1"></field>
          <field name="noteid" type="Double">108422</field>
          <field name="unid" type="String">216108759e6b34b385257b0200683d0d</field>
          <field name="parentnoteid" type="null" />
          <field name="parentunid" type="null" />
          <field name="dbid" type="String">86256db80075e0f8</field>
          <field name="notesurl" type="String">notes:///86256db80075e0f8/0/216108759e6b34b385257b0200683d0d</field>
          <field name="Form" type="String">bb-External v2</field>
          <field name="ModifiedBy$MAPPED" array="true" type="String" length="1"></field>
<record>